{
  "slots": 5,
  "C_mean": 6.0854925240199754e-05,
  "C_std": 1.0077430912719849e-05,
  "E_mean": 0.00030427462620099876,
  "Energy_per_task": 3.0427462620099877e-05,
  "Energy_per_bit": 1.156944228929833e-11,
  "EE_proxy_bit_per_J": 86434589930.49255,
  "avg_delay_mean": 0.20608549252321998,
  "avg_delay_median": 0.20656013203201895,
  "delay_p95": 0.20694848707451086,
  "SLA_violation_rate": 1.0,
  "Avg_queue": 0.0,
  "Acc_rate": 0.6666666666666666,
  "Drop_rate": 0.6666666666666666,
  "Handover_count_total": 0,
  "DecisionTime_ms_mean": 1.7123699188232422,
  "DecisionTime_ms_max": 3.9970874786376953,
  "Jain_mean": 0.0,
  "CloudRatio": 0.0,
  "E_tx_total": 0.00030427462616099875,
  "E_srv_total": 4.0000000000000006e-14,
  "total_runtime_s": 0.008561849594116211
}