{
  "slots": 5,
  "C_mean": 1.9994858002125284,
  "C_std": 2.268836814867127,
  "E_mean": 9.997429001062644,
  "Energy_per_task": 1.666238166843774,
  "Energy_per_bit": 1.0007213270411713e-06,
  "EE_proxy_bit_per_J": 999279.192896484,
  "avg_delay_mean": 2.499915389367185,
  "avg_delay_median": 1.6018983090347638,
  "delay_p95": 1.6018983090347638,
  "SLA_violation_rate": 1.0,
  "Avg_queue": 0.0,
  "Acc_rate": 0.4,
  "Drop_rate": 1.2,
  "Handover_count_total": 3,
  "DecisionTime_ms_mean": 158.56270790100098,
  "DecisionTime_ms_max": 188.3523464202881,
  "Jain_mean": 0.0,
  "CloudRatio": 0.0,
  "E_tx_total": 9.997428999329205,
  "E_srv_total": 1.7334375000000002e-09,
  "total_runtime_s": 0.7937853336334229
}