{
  "slots": 5,
  "C_mean": 1.7107607097294388,
  "C_std": 0.4658674409323558,
  "E_mean": 8.553803548647194,
  "Energy_per_task": 0.5702535699098129,
  "Energy_per_bit": 2.2831556130686814e-07,
  "EE_proxy_bit_per_J": 4379902.947815052,
  "avg_delay_mean": 8.568803548623194,
  "avg_delay_median": 8.571244188766038,
  "delay_p95": 10.807815432857037,
  "SLA_violation_rate": 1.0,
  "Avg_queue": 0.0,
  "Acc_rate": 1.0,
  "Drop_rate": 0.0,
  "Handover_count_total": 5,
  "DecisionTime_ms_mean": 0.6010055541992188,
  "DecisionTime_ms_max": 1.0066032409667969,
  "Jain_mean": 0.0,
  "CloudRatio": 0.0,
  "E_tx_total": 8.553803548623193,
  "E_srv_total": 2.4e-11,
  "total_runtime_s": 0.003999233245849609
}