Method,Avg Cost,Avg Delay,Avg Energy
OLMA (Full),1.1259137982726453,5.644568991339225,1.1259137982726453
w/o Power Control,0.4108559804225515,2.069279902088758,0.4108559804225515
w/o Bandwidth Alloc,0.8919744423664678,4.47487221180834,0.8919744423664678
w/o Computation Offloading,1.6511858673410693,8.270929336681345,1.6511858673410693
w/o Freq Scaling,0.8542664938416193,4.286332469184096,0.8542664938416193
