Algorithm,Real Dataset Mean,Real Dataset Std,Random Dataset Mean,Random Dataset Std
OLMA_Solver,0.0,0.0,1565046.3442151777,218008.50306501295
A3C_GCN_Seq2Seq_Adapter,0.0,0.0,2539199.329833032,185295.41368348867
BARGAIN_MATCH_Solver,0.0,0.0,8359388612.309255,901366246.9769626
NOMA_VEC_Solver,0.0,0.0,11713845332.288471,844653885.8815465
OORAA_Solver,0.0,0.0,3231227606.249293,387514374.81523
