Algorithm,Real Dataset Mean,Real Dataset Std,Random Dataset Mean,Random Dataset Std
OLMA_Solver,7.211105823516846,0.6288861440508744,7.5303850173950195,0.8248817524603399
A3C_GCN_Seq2Seq_Adapter,1.1725168228149414,0.09721614971058794,1.1298103332519531,0.05879749214277397
BARGAIN_MATCH_Solver,0.401212215423584,0.025365863379965575,0.3987579345703125,0.011428104772423692
NOMA_VEC_Solver,154.24509477615356,6.8218331677983794,149.78221988677979,11.48826472213381
OORAA_Solver,163.82751512527466,5.874213348167669,173.66526651382446,3.854903198601999
