Algorithm,Real Dataset Mean,Real Dataset Std,Random Dataset Mean,Random Dataset Std
OLMA_Solver,7.371436595916748,0.5611989228283104,7.649749279022217,0.6763877270396466
A3C_GCN_Seq2Seq_Adapter,1.2188334465026855,0.02179764761711851,1.274747371673584,0.17268958754201416
BARGAIN_MATCH_Solver,0.4772372245788574,0.04505285773425693,0.5071568489074707,0.13320480297432666
NOMA_VEC_Solver,150.44126272201538,7.601407978234716,149.55157947540283,9.929782322272818
OORAA_Solver,162.54946279525757,4.0363795973296055,162.95634078979492,4.371590179671184
