Algorithm,Real Dataset,Random Dataset
OLMA_Solver,628886.8730031443,1634106.3287577003
A3C_GCN_Seq2Seq_Adapter,3215475.213763627,2935841.0655653113
BARGAIN_MATCH_Solver,5184870847147.566,4396151037537.0767
NOMA_VEC_Solver,27533835094622.55,33396818100127.344
OORAA_Solver,15047982069672.863,10269935204081.615
