{
  "slots": 5,
  "C_mean": 4.11993656245283,
  "C_std": 1.5218303567717442,
  "E_mean": 20.599682812264145,
  "Energy_per_task": 1.3733121874842764,
  "Energy_per_bit": 5.552191316341574e-07,
  "EE_proxy_bit_per_J": 1801090.6739771995,
  "avg_delay_mean": 8.24047311890566,
  "avg_delay_median": 8.258860257619757,
  "delay_p95": 9.10064591236716,
  "SLA_violation_rate": 1.0,
  "Avg_queue": 0.0,
  "Acc_rate": 1.0,
  "Drop_rate": 0.0,
  "Handover_count_total": 0,
  "DecisionTime_ms_mean": 0.0,
  "DecisionTime_ms_max": 0.0,
  "Jain_mean": 0.0,
  "CloudRatio": 0.0,
  "E_tx_total": 20.599682797264144,
  "E_srv_total": 1.5000000000000002e-08,
  "total_runtime_s": 0.0010006427764892578
}