{
  "slots": 5,
  "C_mean": 1.0455096869059162,
  "C_std": 0.25459058736443774,
  "E_mean": 5.22754843452958,
  "Energy_per_task": 0.34850322896863867,
  "Energy_per_bit": 1.372107861815153e-07,
  "EE_proxy_bit_per_J": 7288056.776215145,
  "avg_delay_mean": 2.625652743907767,
  "avg_delay_median": 2.8365260019421226,
  "delay_p95": 2.930692370822301,
  "SLA_violation_rate": 1.0,
  "Avg_queue": 0.0,
  "Acc_rate": 1.0,
  "Drop_rate": 0.0,
  "Handover_count_total": 7,
  "DecisionTime_ms_mean": 21.596050262451172,
  "DecisionTime_ms_max": 57.65247344970703,
  "Jain_mean": 0.0,
  "CloudRatio": 0.0,
  "E_tx_total": 5.226448682619267,
  "E_srv_total": 0.001099751910313057,
  "total_runtime_s": 0.10901331901550293
}